scenario_id,activity_date,channel,campaign_id,spend,impressions,clicks,conversions,simulated_gmv,ctr,click_cvr,cac,roas,simulated_aov,seed,data_origin
no_effect,2026-06-01,affiliate,AFF-A,77.64,64,13,5,531.20,0.203125,0.38461538461538464,15.528,6.841834106130861,106.24000000000001,20260809,synthetic
no_effect,2026-06-01,affiliate,AFF-B,64.65,86,24,8,749.27,0.27906976744186046,0.3333333333333333,8.08125,11.589636504253672,93.65875,20260809,synthetic
no_effect,2026-06-01,display,DSP-A,62.74,47,12,4,366.02,0.2553191489361702,0.3333333333333333,15.685,5.83391775581766,91.505,20260809,synthetic
no_effect,2026-06-01,display,DSP-B,64.50,50,14,7,758.63,0.28,0.5,9.214285714285714,11.761705426356588,108.37571428571428,20260809,synthetic
no_effect,2026-06-01,paid_search,SEA-A,94.95,118,32,7,789.51,0.2711864406779661,0.21875,13.564285714285715,8.315007898894155,112.78714285714285,20260809,synthetic
no_effect,2026-06-01,paid_search,SEA-B,123.87,137,41,12,1116.88,0.29927007299270075,0.2926829268292683,10.3225,9.016549608460483,93.07333333333334,20260809,synthetic
no_effect,2026-06-01,paid_social,SOC-A,95.00,117,28,7,777.31,0.23931623931623933,0.25,13.571428571428571,8.182210526315789,111.0442857142857,20260809,synthetic
no_effect,2026-06-01,paid_social,SOC-B,75.16,101,31,11,1390.64,0.3069306930693069,0.3548387096774194,6.832727272727272,18.502394890899417,126.4218181818182,20260809,synthetic
no_effect,2026-06-02,affiliate,AFF-A,65.72,82,18,4,419.01,0.21951219512195122,0.2222222222222222,16.43,6.375684723067559,104.7525,20260809,synthetic
no_effect,2026-06-02,affiliate,AFF-B,61.71,80,17,4,422.40,0.2125,0.23529411764705882,15.4275,6.8449197860962565,105.6,20260809,synthetic
no_effect,2026-06-02,display,DSP-A,65.74,40,6,1,108.71,0.15,0.16666666666666666,65.74,1.653635533921509,108.71,20260809,synthetic
no_effect,2026-06-02,display,DSP-B,70.11,43,9,1,84.16,0.20930232558139536,0.1111111111111111,70.11,1.2003993724147768,84.16,20260809,synthetic
no_effect,2026-06-02,paid_search,SEA-A,102.93,111,27,6,605.72,0.24324324324324326,0.2222222222222222,17.155,5.884776061400952,100.95333333333333,20260809,synthetic
no_effect,2026-06-02,paid_search,SEA-B,96.92,116,28,10,749.01,0.2413793103448276,0.35714285714285715,9.692,7.728126289723483,74.901,20260809,synthetic
no_effect,2026-06-02,paid_social,SOC-A,69.23,119,25,9,1047.80,0.21008403361344538,0.36,7.692222222222223,15.135057056189511,116.42222222222222,20260809,synthetic
no_effect,2026-06-02,paid_social,SOC-B,94.66,125,26,9,878.27,0.208,0.34615384615384615,10.517777777777777,9.27815339108388,97.58555555555556,20260809,synthetic
no_effect,2026-06-03,affiliate,AFF-A,55.68,72,11,2,157.79,0.1527777777777778,0.18181818181818182,27.84,2.8338721264367814,78.895,20260809,synthetic
no_effect,2026-06-03,affiliate,AFF-B,59.97,69,14,5,515.59,0.2028985507246377,0.35714285714285715,11.994,8.597465399366351,103.11800000000001,20260809,synthetic
no_effect,2026-06-03,display,DSP-A,56.47,46,11,6,714.64,0.2391304347826087,0.5454545454545454,9.411666666666667,12.655215158491234,119.10666666666667,20260809,synthetic
no_effect,2026-06-03,display,DSP-B,57.59,44,8,3,373.80,0.18181818181818182,0.375,19.19666666666667,6.490710192741795,124.60000000000001,20260809,synthetic
no_effect,2026-06-03,paid_search,SEA-A,114.76,123,35,15,1681.07,0.2845528455284553,0.42857142857142855,7.650666666666667,14.648570930637852,112.07133333333333,20260809,synthetic
no_effect,2026-06-03,paid_search,SEA-B,82.22,120,24,9,967.49,0.2,0.375,9.135555555555555,11.767088299683776,107.49888888888889,20260809,synthetic
no_effect,2026-06-03,paid_social,SOC-A,62.92,97,20,5,766.47,0.20618556701030927,0.25,12.584,12.181659249841069,153.294,20260809,synthetic
no_effect,2026-06-03,paid_social,SOC-B,88.36,104,25,6,607.85,0.2403846153846154,0.24,14.726666666666667,6.8792440018107746,101.30833333333334,20260809,synthetic
no_effect,2026-06-04,affiliate,AFF-A,70.53,74,21,6,616.81,0.28378378378378377,0.2857142857142857,11.755,8.745356585849992,102.80166666666666,20260809,synthetic
no_effect,2026-06-04,affiliate,AFF-B,83.18,73,22,8,599.86,0.3013698630136986,0.36363636363636365,10.3975,7.211589324356816,74.9825,20260809,synthetic
no_effect,2026-06-04,display,DSP-A,52.97,46,12,1,100.86,0.2608695652173913,0.08333333333333333,52.97,1.9040966584859356,100.86,20260809,synthetic
no_effect,2026-06-04,display,DSP-B,53.71,45,12,7,868.94,0.26666666666666666,0.5833333333333334,7.672857142857143,16.178365295103333,124.13428571428572,20260809,synthetic
no_effect,2026-06-04,paid_search,SEA-A,89.64,135,28,8,865.24,0.2074074074074074,0.2857142857142857,11.205,9.652387327086123,108.155,20260809,synthetic
no_effect,2026-06-04,paid_search,SEA-B,88.57,122,32,11,1092.31,0.26229508196721313,0.34375,8.05181818181818,12.332731173083436,99.30090909090909,20260809,synthetic
no_effect,2026-06-04,paid_social,SOC-A,95.13,123,33,11,1166.81,0.2682926829268293,0.3333333333333333,8.648181818181818,12.265426258803743,106.07363636363635,20260809,synthetic
no_effect,2026-06-04,paid_social,SOC-B,92.56,110,24,6,535.76,0.21818181818181817,0.25,15.426666666666668,5.788245462402766,89.29333333333334,20260809,synthetic
no_effect,2026-06-05,affiliate,AFF-A,69.05,72,18,10,865.24,0.25,0.5555555555555556,6.904999999999999,12.530629978276611,86.524,20260809,synthetic
no_effect,2026-06-05,affiliate,AFF-B,69.13,72,15,4,528.12,0.20833333333333334,0.26666666666666666,17.2825,7.639519745407204,132.03,20260809,synthetic
no_effect,2026-06-05,display,DSP-A,54.45,42,8,1,153.13,0.19047619047619047,0.125,54.45,2.812304866850321,153.13,20260809,synthetic
no_effect,2026-06-05,display,DSP-B,81.40,57,16,8,994.60,0.2807017543859649,0.5,10.175,12.218673218673219,124.325,20260809,synthetic
no_effect,2026-06-05,paid_search,SEA-A,101.98,114,25,6,602.25,0.21929824561403508,0.24,16.996666666666666,5.905569719552854,100.375,20260809,synthetic
no_effect,2026-06-05,paid_search,SEA-B,112.94,141,39,13,1556.74,0.2765957446808511,0.3333333333333333,8.687692307692307,13.783778997697892,119.74923076923076,20260809,synthetic
no_effect,2026-06-05,paid_social,SOC-A,101.79,121,31,13,1378.43,0.256198347107438,0.41935483870967744,7.83,13.541899990175851,106.03307692307693,20260809,synthetic
no_effect,2026-06-05,paid_social,SOC-B,71.70,102,20,10,1087.63,0.19607843137254902,0.5,7.17,15.169177126917713,108.763,20260809,synthetic
no_effect,2026-06-06,affiliate,AFF-A,63.55,86,21,9,730.33,0.2441860465116279,0.42857142857142855,7.061111111111111,11.492210857592449,81.14777777777778,20260809,synthetic
no_effect,2026-06-06,affiliate,AFF-B,74.37,67,19,8,919.95,0.2835820895522388,0.42105263157894735,9.29625,12.36990722065349,114.99375,20260809,synthetic
no_effect,2026-06-06,display,DSP-A,77.64,59,16,6,743.87,0.2711864406779661,0.375,12.94,9.581014940752189,123.97833333333334,20260809,synthetic
no_effect,2026-06-06,display,DSP-B,80.95,56,16,3,307.14,0.2857142857142857,0.1875,26.983333333333334,3.79419394688079,102.38,20260809,synthetic
no_effect,2026-06-06,paid_search,SEA-A,89.31,121,27,8,821.73,0.2231404958677686,0.2962962962962963,11.16375,9.200873362445416,102.71625,20260809,synthetic
no_effect,2026-06-06,paid_search,SEA-B,90.78,120,29,7,785.06,0.24166666666666667,0.2413793103448276,12.968571428571428,8.647940074906366,112.15142857142857,20260809,synthetic
no_effect,2026-06-06,paid_social,SOC-A,78.65,112,28,9,814.58,0.25,0.32142857142857145,8.738888888888889,10.35702479338843,90.50888888888889,20260809,synthetic
no_effect,2026-06-06,paid_social,SOC-B,65.96,94,22,8,926.01,0.23404255319148937,0.36363636363636365,8.245,14.038963007883567,115.75125,20260809,synthetic
no_effect,2026-06-07,affiliate,AFF-A,64.83,77,22,5,512.22,0.2857142857142857,0.22727272727272727,12.966,7.900971772327627,102.444,20260809,synthetic
no_effect,2026-06-07,affiliate,AFF-B,80.16,75,17,6,553.10,0.22666666666666666,0.35294117647058826,13.36,6.8999500998003995,92.18333333333334,20260809,synthetic
no_effect,2026-06-07,display,DSP-A,73.14,54,16,9,1010.77,0.2962962962962963,0.5625,8.126666666666667,13.819660924254853,112.30777777777777,20260809,synthetic
no_effect,2026-06-07,display,DSP-B,73.79,59,15,4,473.32,0.2542372881355932,0.26666666666666666,18.4475,6.41441929800786,118.33,20260809,synthetic
no_effect,2026-06-07,paid_search,SEA-A,83.62,120,30,8,725.45,0.25,0.26666666666666666,10.4525,8.675556087060512,90.68125,20260809,synthetic
no_effect,2026-06-07,paid_search,SEA-B,107.34,134,35,8,1005.01,0.26119402985074625,0.22857142857142856,13.4175,9.36286566051798,125.62625,20260809,synthetic
no_effect,2026-06-07,paid_social,SOC-A,93.76,114,23,9,1080.94,0.20175438596491227,0.391304347826087,10.41777777777778,11.528796928327646,120.10444444444445,20260809,synthetic
no_effect,2026-06-07,paid_social,SOC-B,64.18,104,20,7,901.81,0.19230769230769232,0.35,9.168571428571429,14.051262075412899,128.82999999999998,20260809,synthetic
no_effect,2026-06-08,affiliate,AFF-A,77.81,82,21,4,366.20,0.25609756097560976,0.19047619047619047,19.4525,4.706335946536434,91.55,20260809,synthetic
no_effect,2026-06-08,affiliate,AFF-B,71.75,93,19,6,552.78,0.20430107526881722,0.3157894736842105,11.958333333333334,7.704250871080139,92.13,20260809,synthetic
no_effect,2026-06-08,display,DSP-A,77.72,60,16,6,814.07,0.26666666666666666,0.375,12.953333333333333,10.47439526505404,135.67833333333334,20260809,synthetic
no_effect,2026-06-08,display,DSP-B,73.68,45,15,4,316.66,0.3333333333333333,0.26666666666666666,18.42,4.297774158523344,79.165,20260809,synthetic
no_effect,2026-06-08,paid_search,SEA-A,86.05,127,24,8,1097.67,0.1889763779527559,0.3333333333333333,10.75625,12.756188262638002,137.20875,20260809,synthetic
no_effect,2026-06-08,paid_search,SEA-B,109.45,124,40,13,1421.31,0.3225806451612903,0.325,8.419230769230769,12.985929648241205,109.33153846153846,20260809,synthetic
no_effect,2026-06-08,paid_social,SOC-A,69.68,112,24,11,1356.90,0.21428571428571427,0.4583333333333333,6.334545454545455,19.473306544202067,123.35454545454546,20260809,synthetic
no_effect,2026-06-08,paid_social,SOC-B,94.75,100,26,9,1064.21,0.26,0.34615384615384615,10.527777777777779,11.231767810026385,118.24555555555555,20260809,synthetic
no_effect,2026-06-09,affiliate,AFF-A,72.49,66,15,5,393.71,0.22727272727272727,0.3333333333333333,14.498,5.431231894054353,78.74199999999999,20260809,synthetic
no_effect,2026-06-09,affiliate,AFF-B,78.11,80,24,9,1024.04,0.3,0.375,8.678888888888888,13.110229163999488,113.78222222222222,20260809,synthetic
no_effect,2026-06-09,display,DSP-A,50.78,57,14,4,368.00,0.24561403508771928,0.2857142857142857,12.695,7.246947617172115,92.0,20260809,synthetic
no_effect,2026-06-09,display,DSP-B,62.87,51,9,3,407.36,0.17647058823529413,0.3333333333333333,20.956666666666667,6.479401940512169,135.78666666666666,20260809,synthetic
no_effect,2026-06-09,paid_search,SEA-A,127.02,128,45,17,1874.23,0.3515625,0.37777777777777777,7.471764705882353,14.755392851519446,110.24882352941177,20260809,synthetic
no_effect,2026-06-09,paid_search,SEA-B,103.44,130,34,6,432.29,0.26153846153846155,0.17647058823529413,17.24,4.179137664346482,72.04833333333333,20260809,synthetic
no_effect,2026-06-09,paid_social,SOC-A,77.03,106,31,14,1572.63,0.29245283018867924,0.45161290322580644,5.502142857142857,20.415812021290407,112.3307142857143,20260809,synthetic
no_effect,2026-06-09,paid_social,SOC-B,69.49,108,24,10,1192.21,0.2222222222222222,0.4166666666666667,6.949,17.156569290545406,119.221,20260809,synthetic
no_effect,2026-06-10,affiliate,AFF-A,73.86,76,19,5,481.56,0.25,0.2631578947368421,14.772,6.519902518277823,96.312,20260809,synthetic
no_effect,2026-06-10,affiliate,AFF-B,73.13,60,13,6,708.63,0.21666666666666667,0.46153846153846156,12.188333333333333,9.690004102283606,118.105,20260809,synthetic
no_effect,2026-06-10,display,DSP-A,57.09,62,17,3,220.66,0.27419354838709675,0.17647058823529413,19.03,3.865125240847784,73.55333333333333,20260809,synthetic
no_effect,2026-06-10,display,DSP-B,56.90,56,13,4,384.72,0.23214285714285715,0.3076923076923077,14.225,6.761335676625659,96.18,20260809,synthetic
no_effect,2026-06-10,paid_search,SEA-A,95.67,126,31,7,666.38,0.24603174603174602,0.22580645161290322,13.667142857142858,6.965401902372739,95.19714285714285,20260809,synthetic
no_effect,2026-06-10,paid_search,SEA-B,101.65,125,29,9,1219.33,0.232,0.3103448275862069,11.294444444444444,11.995376291195276,135.4811111111111,20260809,synthetic
no_effect,2026-06-10,paid_social,SOC-A,84.03,101,27,10,1072.87,0.26732673267326734,0.37037037037037035,8.403,12.76770201118648,107.28699999999999,20260809,synthetic
no_effect,2026-06-10,paid_social,SOC-B,75.08,102,21,5,576.55,0.20588235294117646,0.23809523809523808,15.016,7.679142248268513,115.30999999999999,20260809,synthetic
no_effect,2026-06-11,affiliate,AFF-A,75.35,64,17,7,674.07,0.265625,0.4117647058823529,10.764285714285714,8.945852687458528,96.2957142857143,20260809,synthetic
no_effect,2026-06-11,affiliate,AFF-B,66.14,66,21,8,1027.16,0.3181818181818182,0.38095238095238093,8.2675,15.530087692772907,128.395,20260809,synthetic
no_effect,2026-06-11,display,DSP-A,54.46,52,12,2,152.59,0.23076923076923078,0.16666666666666666,27.23,2.8018729342636797,76.295,20260809,synthetic
no_effect,2026-06-11,display,DSP-B,64.08,52,13,6,664.69,0.25,0.46153846153846156,10.68,10.372815230961299,110.78166666666668,20260809,synthetic
no_effect,2026-06-11,paid_search,SEA-A,88.44,126,31,10,1118.07,0.24603174603174602,0.3225806451612903,8.844,12.642130257801899,111.80699999999999,20260809,synthetic
no_effect,2026-06-11,paid_search,SEA-B,103.09,138,36,12,1395.18,0.2608695652173913,0.3333333333333333,8.590833333333334,13.533611407508003,116.265,20260809,synthetic
no_effect,2026-06-11,paid_social,SOC-A,95.82,119,30,9,817.09,0.25210084033613445,0.3,10.646666666666667,8.527342934669173,90.78777777777778,20260809,synthetic
no_effect,2026-06-11,paid_social,SOC-B,82.81,119,27,12,1177.70,0.226890756302521,0.4444444444444444,6.900833333333334,14.221712353580486,98.14166666666667,20260809,synthetic
no_effect,2026-06-12,affiliate,AFF-A,61.61,71,23,12,1204.54,0.323943661971831,0.5217391304347826,5.134166666666666,19.551046907969486,100.37833333333333,20260809,synthetic
no_effect,2026-06-12,affiliate,AFF-B,78.36,83,24,10,1120.10,0.2891566265060241,0.4166666666666667,7.836,14.294282797345584,112.00999999999999,20260809,synthetic
no_effect,2026-06-12,display,DSP-A,65.14,42,10,3,165.75,0.23809523809523808,0.3,21.713333333333335,2.5445194964691433,55.25,20260809,synthetic
no_effect,2026-06-12,display,DSP-B,55.75,58,12,6,623.40,0.20689655172413793,0.5,9.291666666666666,11.182062780269058,103.89999999999999,20260809,synthetic
no_effect,2026-06-12,paid_search,SEA-A,84.00,114,25,9,948.98,0.21929824561403508,0.36,9.333333333333334,11.297380952380953,105.44222222222223,20260809,synthetic
no_effect,2026-06-12,paid_search,SEA-B,116.27,145,42,17,1679.66,0.2896551724137931,0.40476190476190477,6.839411764705882,14.446202803818698,98.80352941176471,20260809,synthetic
no_effect,2026-06-12,paid_social,SOC-A,98.81,108,32,8,920.02,0.2962962962962963,0.25,12.35125,9.311000910838983,115.0025,20260809,synthetic
no_effect,2026-06-12,paid_social,SOC-B,79.54,92,12,4,357.78,0.13043478260869565,0.3333333333333333,19.885,4.4981141563992955,89.445,20260809,synthetic
no_effect,2026-06-13,affiliate,AFF-A,56.48,60,13,5,377.53,0.21666666666666667,0.38461538461538464,11.296,6.684313031161473,75.506,20260809,synthetic
no_effect,2026-06-13,affiliate,AFF-B,81.34,61,20,5,366.34,0.32786885245901637,0.25,16.268,4.503811163019424,73.268,20260809,synthetic
no_effect,2026-06-13,display,DSP-A,62.31,52,16,7,716.11,0.3076923076923077,0.4375,8.901428571428571,11.492697801316,102.30142857142857,20260809,synthetic
no_effect,2026-06-13,display,DSP-B,75.11,44,17,3,225.96,0.38636363636363635,0.17647058823529413,25.036666666666665,3.0083876980428705,75.32000000000001,20260809,synthetic
no_effect,2026-06-13,paid_search,SEA-A,104.05,134,33,15,1570.38,0.2462686567164179,0.45454545454545453,6.9366666666666665,15.0925516578568,104.69200000000001,20260809,synthetic
no_effect,2026-06-13,paid_search,SEA-B,77.63,121,26,7,547.61,0.21487603305785125,0.2692307692307692,11.09,7.054102795311092,78.23,20260809,synthetic
no_effect,2026-06-13,paid_social,SOC-A,88.52,96,23,7,720.78,0.23958333333333334,0.30434782608695654,12.645714285714286,8.142566651604158,102.96857142857142,20260809,synthetic
no_effect,2026-06-13,paid_social,SOC-B,80.11,112,30,4,426.30,0.26785714285714285,0.13333333333333333,20.0275,5.3214330295843215,106.575,20260809,synthetic
no_effect,2026-06-14,affiliate,AFF-A,56.32,76,14,5,561.95,0.18421052631578946,0.35714285714285715,11.264,9.977805397727273,112.39000000000001,20260809,synthetic
no_effect,2026-06-14,affiliate,AFF-B,65.83,74,18,6,768.32,0.24324324324324326,0.3333333333333333,10.971666666666666,11.671274494911136,128.05333333333334,20260809,synthetic
no_effect,2026-06-14,display,DSP-A,61.68,58,12,2,261.37,0.20689655172413793,0.16666666666666666,30.84,4.237516212710766,130.685,20260809,synthetic
no_effect,2026-06-14,display,DSP-B,72.10,51,13,5,650.46,0.2549019607843137,0.38461538461538464,14.419999999999998,9.021636615811374,130.092,20260809,synthetic
no_effect,2026-06-14,paid_search,SEA-A,112.05,140,38,10,1072.46,0.2714285714285714,0.2631578947368421,11.205,9.571262829094154,107.24600000000001,20260809,synthetic
no_effect,2026-06-14,paid_search,SEA-B,115.50,129,39,13,1307.47,0.3023255813953488,0.3333333333333333,8.884615384615385,11.32008658008658,100.57461538461538,20260809,synthetic
no_effect,2026-06-14,paid_social,SOC-A,86.59,105,26,6,706.22,0.24761904761904763,0.23076923076923078,14.431666666666667,8.155907148631481,117.70333333333333,20260809,synthetic
no_effect,2026-06-14,paid_social,SOC-B,95.29,108,23,6,662.22,0.21296296296296297,0.2608695652173913,15.881666666666668,6.949522510231923,110.37,20260809,synthetic
no_effect,2026-06-15,affiliate,AFF-A,74.84,68,18,11,1146.83,0.2647058823529412,0.6111111111111112,6.803636363636364,15.323757349011222,104.25727272727272,20260809,synthetic
no_effect,2026-06-15,affiliate,AFF-B,85.09,70,18,4,465.89,0.2571428571428571,0.2222222222222222,21.2725,5.475261487836408,116.4725,20260809,synthetic
no_effect,2026-06-15,display,DSP-A,64.03,61,20,6,730.44,0.32786885245901637,0.3,10.671666666666667,11.40777760424801,121.74000000000001,20260809,synthetic
no_effect,2026-06-15,display,DSP-B,71.73,61,17,2,231.51,0.2786885245901639,0.11764705882352941,35.865,3.2275198661647844,115.755,20260809,synthetic
no_effect,2026-06-15,paid_search,SEA-A,91.50,133,33,11,1185.68,0.24812030075187969,0.3333333333333333,8.318181818181818,12.95825136612022,107.78909090909092,20260809,synthetic
no_effect,2026-06-15,paid_search,SEA-B,100.70,125,28,6,680.89,0.224,0.21428571428571427,16.783333333333335,6.761569016881827,113.48166666666667,20260809,synthetic
no_effect,2026-06-15,paid_social,SOC-A,85.08,113,21,6,674.95,0.18584070796460178,0.2857142857142857,14.18,7.933121767748003,112.49166666666667,20260809,synthetic
no_effect,2026-06-15,paid_social,SOC-B,90.89,108,27,9,1051.24,0.25,0.3333333333333333,10.098888888888888,11.566068874463637,116.80444444444444,20260809,synthetic
no_effect,2026-06-16,affiliate,AFF-A,80.87,60,14,3,233.88,0.23333333333333334,0.21428571428571427,26.956666666666667,2.892048967478669,77.96,20260809,synthetic
no_effect,2026-06-16,affiliate,AFF-B,69.74,67,19,8,640.68,0.2835820895522388,0.42105263157894735,8.7175,9.186693432750214,80.085,20260809,synthetic
no_effect,2026-06-16,display,DSP-A,47.29,46,9,3,420.48,0.1956521739130435,0.3333333333333333,15.763333333333334,8.8915204060055,140.16,20260809,synthetic
no_effect,2026-06-16,display,DSP-B,60.63,63,18,7,801.36,0.2857142857142857,0.3888888888888889,8.661428571428571,13.217219198416625,114.48,20260809,synthetic
no_effect,2026-06-16,paid_search,SEA-A,107.51,117,36,7,738.67,0.3076923076923077,0.19444444444444445,15.358571428571429,6.870709701423123,105.52428571428571,20260809,synthetic
no_effect,2026-06-16,paid_search,SEA-B,100.40,140,38,17,1776.35,0.2714285714285714,0.4473684210526316,5.905882352941177,17.692729083665338,104.49117647058823,20260809,synthetic
no_effect,2026-06-16,paid_social,SOC-A,71.45,80,23,8,775.07,0.2875,0.34782608695652173,8.93125,10.847725682295312,96.88375,20260809,synthetic
no_effect,2026-06-16,paid_social,SOC-B,78.22,103,27,8,686.58,0.2621359223300971,0.2962962962962963,9.7775,8.77755049859371,85.8225,20260809,synthetic
no_effect,2026-06-17,affiliate,AFF-A,79.13,75,22,3,314.45,0.29333333333333333,0.13636363636363635,26.376666666666665,3.9738405156072285,104.81666666666666,20260809,synthetic
no_effect,2026-06-17,affiliate,AFF-B,71.38,70,17,3,213.92,0.24285714285714285,0.17647058823529413,23.793333333333333,2.996917904174839,71.30666666666666,20260809,synthetic
no_effect,2026-06-17,display,DSP-A,56.34,50,17,7,684.98,0.34,0.4117647058823529,8.04857142857143,12.157969471068512,97.85428571428572,20260809,synthetic
no_effect,2026-06-17,display,DSP-B,71.14,54,18,8,870.47,0.3333333333333333,0.4444444444444444,8.8925,12.236013494517852,108.80875,20260809,synthetic
no_effect,2026-06-17,paid_search,SEA-A,109.94,126,40,15,1484.18,0.31746031746031744,0.375,7.3293333333333335,13.499909041295252,98.94533333333334,20260809,synthetic
no_effect,2026-06-17,paid_search,SEA-B,109.00,127,33,12,1240.47,0.25984251968503935,0.36363636363636365,9.083333333333334,11.38045871559633,103.3725,20260809,synthetic
no_effect,2026-06-17,paid_social,SOC-A,98.22,108,26,10,991.22,0.24074074074074073,0.38461538461538464,9.822,10.09183465689269,99.122,20260809,synthetic
no_effect,2026-06-17,paid_social,SOC-B,70.49,103,24,5,605.58,0.23300970873786409,0.20833333333333334,14.097999999999999,8.591005816427863,121.11600000000001,20260809,synthetic
no_effect,2026-06-18,affiliate,AFF-A,59.15,83,20,7,721.12,0.24096385542168675,0.35,8.45,12.191377852916315,103.01714285714286,20260809,synthetic
no_effect,2026-06-18,affiliate,AFF-B,80.09,66,13,5,495.94,0.19696969696969696,0.38461538461538464,16.018,6.192283680859033,99.188,20260809,synthetic
no_effect,2026-06-18,display,DSP-A,67.03,59,17,6,629.21,0.288135593220339,0.35294117647058826,11.171666666666667,9.386990899597196,104.86833333333334,20260809,synthetic
no_effect,2026-06-18,display,DSP-B,61.24,53,14,3,295.66,0.2641509433962264,0.21428571428571427,20.413333333333334,4.827890267798825,98.55333333333334,20260809,synthetic
no_effect,2026-06-18,paid_search,SEA-A,91.24,133,28,9,1020.98,0.21052631578947367,0.32142857142857145,10.137777777777778,11.190048224462956,113.44222222222223,20260809,synthetic
no_effect,2026-06-18,paid_search,SEA-B,83.69,126,28,8,818.28,0.2222222222222222,0.2857142857142857,10.46125,9.777512247580356,102.285,20260809,synthetic
no_effect,2026-06-18,paid_social,SOC-A,78.39,98,18,6,867.07,0.1836734693877551,0.3333333333333333,13.065,11.060977165454778,144.51166666666668,20260809,synthetic
no_effect,2026-06-18,paid_social,SOC-B,93.30,115,31,11,1447.85,0.26956521739130435,0.3548387096774194,8.481818181818182,15.518220793140406,131.62272727272727,20260809,synthetic
no_effect,2026-06-19,affiliate,AFF-A,53.21,67,9,5,564.07,0.13432835820895522,0.5555555555555556,10.642,10.600826912234544,112.81400000000001,20260809,synthetic
no_effect,2026-06-19,affiliate,AFF-B,66.66,63,19,5,505.39,0.30158730158730157,0.2631578947368421,13.331999999999999,7.5816081608160815,101.078,20260809,synthetic
no_effect,2026-06-19,display,DSP-A,62.71,59,16,7,834.90,0.2711864406779661,0.4375,8.958571428571428,13.313666081964598,119.27142857142857,20260809,synthetic
no_effect,2026-06-19,display,DSP-B,76.79,54,17,5,514.20,0.3148148148148148,0.29411764705882354,15.358,6.696184399010288,102.84,20260809,synthetic
no_effect,2026-06-19,paid_search,SEA-A,81.11,123,26,7,831.38,0.21138211382113822,0.2692307692307692,11.587142857142856,10.250030822340031,118.76857142857143,20260809,synthetic
no_effect,2026-06-19,paid_search,SEA-B,88.79,111,28,11,1200.85,0.25225225225225223,0.39285714285714285,8.071818181818182,13.524608627097644,109.16818181818181,20260809,synthetic
no_effect,2026-06-19,paid_social,SOC-A,84.75,105,26,10,1074.01,0.24761904761904763,0.38461538461538464,8.475,12.672684365781711,107.401,20260809,synthetic
no_effect,2026-06-19,paid_social,SOC-B,89.41,114,22,10,947.18,0.19298245614035087,0.45454545454545453,8.940999999999999,10.593669611900236,94.71799999999999,20260809,synthetic
no_effect,2026-06-20,affiliate,AFF-A,70.36,67,16,4,333.82,0.23880597014925373,0.25,17.59,4.744457077885162,83.455,20260809,synthetic
no_effect,2026-06-20,affiliate,AFF-B,60.01,68,12,5,633.76,0.17647058823529413,0.4166666666666667,12.001999999999999,10.560906515580736,126.752,20260809,synthetic
no_effect,2026-06-20,display,DSP-A,79.04,59,18,7,972.23,0.3050847457627119,0.3888888888888889,11.291428571428572,12.300480769230768,138.89000000000001,20260809,synthetic
no_effect,2026-06-20,display,DSP-B,64.81,49,11,2,270.28,0.22448979591836735,0.18181818181818182,32.405,4.170344082703286,135.14,20260809,synthetic
no_effect,2026-06-20,paid_search,SEA-A,113.43,136,34,10,1347.18,0.25,0.29411764705882354,11.343,11.876752181962443,134.71800000000002,20260809,synthetic
no_effect,2026-06-20,paid_search,SEA-B,100.13,122,36,13,1214.97,0.29508196721311475,0.3611111111111111,7.702307692307692,12.133925896334766,93.45923076923077,20260809,synthetic
no_effect,2026-06-20,paid_social,SOC-A,78.95,120,34,7,654.51,0.2833333333333333,0.20588235294117646,11.278571428571428,8.290183660544647,93.50142857142858,20260809,synthetic
no_effect,2026-06-20,paid_social,SOC-B,67.69,94,18,9,1144.00,0.19148936170212766,0.5,7.521111111111111,16.900576156005318,127.11111111111111,20260809,synthetic
no_effect,2026-06-21,affiliate,AFF-A,68.60,67,12,6,378.50,0.1791044776119403,0.5,11.433333333333332,5.517492711370263,63.083333333333336,20260809,synthetic
no_effect,2026-06-21,affiliate,AFF-B,57.41,75,19,8,948.18,0.25333333333333335,0.42105263157894735,7.17625,16.515937989897232,118.5225,20260809,synthetic
no_effect,2026-06-21,display,DSP-A,63.33,46,9,5,439.30,0.1956521739130435,0.5555555555555556,12.666,6.936680877940945,87.86,20260809,synthetic
no_effect,2026-06-21,display,DSP-B,57.37,52,9,3,252.22,0.17307692307692307,0.3333333333333333,19.12333333333333,4.396374411713439,84.07333333333334,20260809,synthetic
no_effect,2026-06-21,paid_search,SEA-A,95.94,116,26,7,717.90,0.22413793103448276,0.2692307692307692,13.705714285714285,7.482801751094434,102.55714285714285,20260809,synthetic
no_effect,2026-06-21,paid_search,SEA-B,102.13,145,37,9,1098.86,0.25517241379310346,0.24324324324324326,11.347777777777777,10.759424263193967,122.09555555555555,20260809,synthetic
no_effect,2026-06-21,paid_social,SOC-A,76.75,116,32,12,1391.73,0.27586206896551724,0.375,6.395833333333333,18.13328990228013,115.9775,20260809,synthetic
no_effect,2026-06-21,paid_social,SOC-B,80.21,102,32,7,636.54,0.3137254901960784,0.21875,11.458571428571428,7.935918214686448,90.9342857142857,20260809,synthetic
no_effect,2026-06-22,affiliate,AFF-A,69.29,66,21,7,743.10,0.3181818181818182,0.3333333333333333,9.89857142857143,10.724491268581325,106.15714285714286,20260809,synthetic
no_effect,2026-06-22,affiliate,AFF-B,74.32,81,16,2,259.81,0.19753086419753085,0.125,37.16,3.495828848223897,129.905,20260809,synthetic
no_effect,2026-06-22,display,DSP-A,54.58,46,13,7,929.94,0.2826086956521739,0.5384615384615384,7.797142857142857,17.038109197508245,132.84857142857143,20260809,synthetic
no_effect,2026-06-22,display,DSP-B,62.42,51,18,6,500.27,0.35294117647058826,0.3333333333333333,10.403333333333334,8.014578660685677,83.37833333333333,20260809,synthetic
no_effect,2026-06-22,paid_search,SEA-A,85.01,135,33,10,751.34,0.24444444444444444,0.30303030303030304,8.501000000000001,8.838254323020822,75.134,20260809,synthetic
no_effect,2026-06-22,paid_search,SEA-B,116.00,123,43,15,1865.56,0.34959349593495936,0.3488372093023256,7.733333333333333,16.08241379310345,124.37066666666666,20260809,synthetic
no_effect,2026-06-22,paid_social,SOC-A,86.39,103,26,9,1023.50,0.2524271844660194,0.34615384615384615,9.598888888888888,11.847436045838638,113.72222222222223,20260809,synthetic
no_effect,2026-06-22,paid_social,SOC-B,106.35,115,34,9,942.48,0.2956521739130435,0.2647058823529412,11.816666666666666,8.862059238363894,104.72,20260809,synthetic
no_effect,2026-06-23,affiliate,AFF-A,72.44,80,14,5,444.21,0.175,0.35714285714285715,14.488,6.132109331860851,88.842,20260809,synthetic
no_effect,2026-06-23,affiliate,AFF-B,72.98,89,30,5,481.39,0.33707865168539325,0.16666666666666666,14.596,6.59619073718827,96.27799999999999,20260809,synthetic
no_effect,2026-06-23,display,DSP-A,57.92,41,12,3,397.81,0.2926829268292683,0.25,19.30666666666667,6.868266574585635,132.60333333333332,20260809,synthetic
no_effect,2026-06-23,display,DSP-B,51.75,59,14,0,0.00,0.23728813559322035,0.0,,0.0,,20260809,synthetic
no_effect,2026-06-23,paid_search,SEA-A,94.46,110,33,5,455.80,0.3,0.15151515151515152,18.892,4.825322887994919,91.16,20260809,synthetic
no_effect,2026-06-23,paid_search,SEA-B,102.59,123,37,9,972.10,0.3008130081300813,0.24324324324324326,11.398888888888889,9.475582415440101,108.01111111111112,20260809,synthetic
no_effect,2026-06-23,paid_social,SOC-A,104.96,124,39,12,1447.25,0.31451612903225806,0.3076923076923077,8.746666666666666,13.788586128048781,120.60416666666667,20260809,synthetic
no_effect,2026-06-23,paid_social,SOC-B,80.58,122,27,11,1076.11,0.22131147540983606,0.4074074074074074,7.325454545454545,13.354554480019855,97.8281818181818,20260809,synthetic
no_effect,2026-06-24,affiliate,AFF-A,62.91,81,23,7,829.40,0.2839506172839506,0.30434782608695654,8.987142857142857,13.183913527261167,118.48571428571428,20260809,synthetic
no_effect,2026-06-24,affiliate,AFF-B,66.76,67,16,8,786.03,0.23880597014925373,0.5,8.345,11.773966446974235,98.25375,20260809,synthetic
no_effect,2026-06-24,display,DSP-A,74.95,50,9,3,216.39,0.18,0.3333333333333333,24.983333333333334,2.8871247498332218,72.13,20260809,synthetic
no_effect,2026-06-24,display,DSP-B,57.41,57,14,5,488.85,0.24561403508771928,0.35714285714285715,11.482,8.515067061487546,97.77000000000001,20260809,synthetic
no_effect,2026-06-24,paid_search,SEA-A,91.04,138,34,13,1537.59,0.2463768115942029,0.38235294117647056,7.003076923076923,16.88916959578207,118.27615384615385,20260809,synthetic
no_effect,2026-06-24,paid_search,SEA-B,121.76,128,39,5,567.34,0.3046875,0.1282051282051282,24.352,4.65949408672799,113.468,20260809,synthetic
no_effect,2026-06-24,paid_social,SOC-A,72.00,96,21,4,365.04,0.21875,0.19047619047619047,18.0,5.07,91.26,20260809,synthetic
no_effect,2026-06-24,paid_social,SOC-B,97.61,107,29,14,1261.59,0.27102803738317754,0.4827586206896552,6.972142857142857,12.924802786599733,90.11357142857142,20260809,synthetic
no_effect,2026-06-25,affiliate,AFF-A,80.89,60,17,7,880.89,0.2833333333333333,0.4117647058823529,11.555714285714286,10.889974038818147,125.84142857142857,20260809,synthetic
no_effect,2026-06-25,affiliate,AFF-B,60.12,73,13,3,307.22,0.1780821917808219,0.23076923076923078,20.04,5.110113107119096,102.40666666666668,20260809,synthetic
no_effect,2026-06-25,display,DSP-A,68.91,47,10,5,597.94,0.2127659574468085,0.5,13.782,8.677115077637499,119.58800000000001,20260809,synthetic
no_effect,2026-06-25,display,DSP-B,66.20,65,13,5,379.17,0.2,0.38461538461538464,13.24,5.727643504531722,75.834,20260809,synthetic
no_effect,2026-06-25,paid_search,SEA-A,85.90,127,30,8,867.39,0.23622047244094488,0.26666666666666666,10.7375,10.097671711292199,108.42375,20260809,synthetic
no_effect,2026-06-25,paid_search,SEA-B,111.50,128,34,9,991.18,0.265625,0.2647058823529412,12.38888888888889,8.889506726457398,110.13111111111111,20260809,synthetic
no_effect,2026-06-25,paid_social,SOC-A,76.29,110,26,4,450.43,0.23636363636363636,0.15384615384615385,19.0725,5.90418141302923,112.6075,20260809,synthetic
no_effect,2026-06-25,paid_social,SOC-B,77.34,101,23,8,808.04,0.22772277227722773,0.34782608695652173,9.6675,10.447892423066977,101.005,20260809,synthetic
no_effect,2026-06-26,affiliate,AFF-A,78.59,67,18,7,769.53,0.26865671641791045,0.3888888888888889,11.227142857142857,9.791703779106756,109.93285714285715,20260809,synthetic
no_effect,2026-06-26,affiliate,AFF-B,80.09,57,14,3,347.14,0.24561403508771928,0.21428571428571427,26.69666666666667,4.334373829441877,115.71333333333332,20260809,synthetic
no_effect,2026-06-26,display,DSP-A,78.06,60,15,7,787.96,0.25,0.4666666666666667,11.151428571428571,10.094286446323341,112.5657142857143,20260809,synthetic
no_effect,2026-06-26,display,DSP-B,63.95,45,11,2,137.28,0.24444444444444444,0.18181818181818182,31.975,2.146677091477717,68.64,20260809,synthetic
no_effect,2026-06-26,paid_search,SEA-A,96.85,131,37,10,1040.38,0.2824427480916031,0.2702702702702703,9.684999999999999,10.742178626742387,104.03800000000001,20260809,synthetic
no_effect,2026-06-26,paid_search,SEA-B,101.11,146,28,6,801.29,0.1917808219178082,0.21428571428571427,16.851666666666667,7.924933241024626,133.54833333333332,20260809,synthetic
no_effect,2026-06-26,paid_social,SOC-A,75.56,97,24,4,265.79,0.24742268041237114,0.16666666666666666,18.89,3.517601905770249,66.4475,20260809,synthetic
no_effect,2026-06-26,paid_social,SOC-B,83.83,99,21,11,1047.40,0.21212121212121213,0.5238095238095238,7.620909090909091,12.494333770726472,95.21818181818183,20260809,synthetic
no_effect,2026-06-27,affiliate,AFF-A,66.51,68,25,6,691.43,0.36764705882352944,0.24,11.085,10.39588031874906,115.23833333333333,20260809,synthetic
no_effect,2026-06-27,affiliate,AFF-B,79.25,65,23,9,918.24,0.35384615384615387,0.391304347826087,8.805555555555555,11.586624605678233,102.02666666666667,20260809,synthetic
no_effect,2026-06-27,display,DSP-A,56.80,56,13,3,294.00,0.23214285714285715,0.23076923076923078,18.933333333333334,5.176056338028169,98.0,20260809,synthetic
no_effect,2026-06-27,display,DSP-B,75.88,57,11,4,376.63,0.19298245614035087,0.36363636363636365,18.97,4.9634949920927784,94.1575,20260809,synthetic
no_effect,2026-06-27,paid_search,SEA-A,89.34,114,25,11,1248.58,0.21929824561403508,0.44,8.121818181818183,13.975598835907766,113.50727272727272,20260809,synthetic
no_effect,2026-06-27,paid_search,SEA-B,79.23,94,19,7,1001.75,0.20212765957446807,0.3684210526315789,11.31857142857143,12.643569355042281,143.10714285714286,20260809,synthetic
no_effect,2026-06-27,paid_social,SOC-A,102.24,120,38,7,796.81,0.31666666666666665,0.18421052631578946,14.605714285714285,7.79352503912363,113.83,20260809,synthetic
no_effect,2026-06-27,paid_social,SOC-B,74.01,95,21,3,285.85,0.22105263157894736,0.14285714285714285,24.67,3.8623159032563166,95.28333333333335,20260809,synthetic
no_effect,2026-06-28,affiliate,AFF-A,80.95,77,15,6,529.13,0.19480519480519481,0.4,13.491666666666667,6.536504014823965,88.18833333333333,20260809,synthetic
no_effect,2026-06-28,affiliate,AFF-B,76.48,53,14,4,447.11,0.2641509433962264,0.2857142857142857,19.12,5.846103556485356,111.7775,20260809,synthetic
no_effect,2026-06-28,display,DSP-A,74.29,64,17,5,586.95,0.265625,0.29411764705882354,14.858,7.900794184950868,117.39000000000001,20260809,synthetic
no_effect,2026-06-28,display,DSP-B,67.05,54,13,6,586.70,0.24074074074074073,0.46153846153846156,11.174999999999999,8.750186428038779,97.78333333333335,20260809,synthetic
no_effect,2026-06-28,paid_search,SEA-A,89.23,131,25,11,1014.74,0.19083969465648856,0.44,8.111818181818181,11.372184242967611,92.24909090909091,20260809,synthetic
no_effect,2026-06-28,paid_search,SEA-B,95.41,111,30,8,809.94,0.2702702702702703,0.26666666666666666,11.92625,8.489047269678231,101.2425,20260809,synthetic
no_effect,2026-06-28,paid_social,SOC-A,61.90,85,18,6,632.82,0.21176470588235294,0.3333333333333333,10.316666666666666,10.223263327948304,105.47000000000001,20260809,synthetic
no_effect,2026-06-28,paid_social,SOC-B,85.36,101,24,11,1082.94,0.2376237623762376,0.4583333333333333,7.76,12.686738519212748,98.44909090909091,20260809,synthetic
positive_effect,2026-06-01,affiliate,AFF-A,71.90,73,14,4,499.95,0.1917808219178082,0.2857142857142857,17.975,6.953407510431154,124.9875,20260809,synthetic
positive_effect,2026-06-01,affiliate,AFF-B,83.30,72,22,9,1026.92,0.3055555555555556,0.4090909090909091,9.255555555555555,12.327971188475392,114.10222222222222,20260809,synthetic
positive_effect,2026-06-01,display,DSP-A,64.26,51,10,3,294.92,0.19607843137254902,0.3,21.42,4.58948023653906,98.30666666666667,20260809,synthetic
positive_effect,2026-06-01,display,DSP-B,81.02,52,16,4,386.02,0.3076923076923077,0.25,20.255,4.7645025919526045,96.505,20260809,synthetic
positive_effect,2026-06-01,paid_search,SEA-A,100.25,137,29,10,1178.62,0.2116788321167883,0.3448275862068966,10.025,11.756807980049874,117.862,20260809,synthetic
positive_effect,2026-06-01,paid_search,SEA-B,88.76,116,31,8,786.65,0.2672413793103448,0.25806451612903225,11.095,8.862663361874718,98.33125,20260809,synthetic
positive_effect,2026-06-01,paid_social,SOC-A,88.73,85,21,7,583.95,0.24705882352941178,0.3333333333333333,12.675714285714287,6.581201397498028,83.42142857142858,20260809,synthetic
positive_effect,2026-06-01,paid_social,SOC-B,76.54,108,31,8,691.34,0.28703703703703703,0.25806451612903225,9.5675,9.032401358766657,86.4175,20260809,synthetic
positive_effect,2026-06-02,affiliate,AFF-A,77.57,71,18,7,770.87,0.2535211267605634,0.3888888888888889,11.081428571428571,9.937733659920074,110.12428571428572,20260809,synthetic
positive_effect,2026-06-02,affiliate,AFF-B,78.56,66,20,7,711.75,0.30303030303030304,0.35,11.222857142857142,9.059954175152749,101.67857142857143,20260809,synthetic
positive_effect,2026-06-02,display,DSP-A,48.78,55,11,2,190.78,0.2,0.18181818181818182,24.39,3.911029110291103,95.39,20260809,synthetic
positive_effect,2026-06-02,display,DSP-B,71.59,67,19,3,451.10,0.2835820895522388,0.15789473684210525,23.863333333333333,6.301159379801648,150.36666666666667,20260809,synthetic
positive_effect,2026-06-02,paid_search,SEA-A,100.80,121,29,7,759.58,0.2396694214876033,0.2413793103448276,14.4,7.535515873015874,108.51142857142858,20260809,synthetic
positive_effect,2026-06-02,paid_search,SEA-B,104.62,131,37,11,931.36,0.2824427480916031,0.2972972972972973,9.510909090909092,8.902313133244121,84.66909090909091,20260809,synthetic
positive_effect,2026-06-02,paid_social,SOC-A,83.27,110,29,12,1321.65,0.2636363636363636,0.41379310344827586,6.939166666666666,15.87186261558785,110.1375,20260809,synthetic
positive_effect,2026-06-02,paid_social,SOC-B,100.87,112,33,11,1228.76,0.29464285714285715,0.3333333333333333,9.17,12.181619906810745,111.70545454545454,20260809,synthetic
positive_effect,2026-06-03,affiliate,AFF-A,59.84,66,16,5,596.29,0.24242424242424243,0.3125,11.968,9.964739304812833,119.258,20260809,synthetic
positive_effect,2026-06-03,affiliate,AFF-B,75.35,61,22,8,889.48,0.36065573770491804,0.36363636363636365,9.41875,11.804644990046452,111.185,20260809,synthetic
positive_effect,2026-06-03,display,DSP-A,62.53,46,10,5,508.66,0.21739130434782608,0.5,12.506,8.134655365424596,101.732,20260809,synthetic
positive_effect,2026-06-03,display,DSP-B,70.44,48,15,5,469.58,0.3125,0.3333333333333333,14.088,6.666382737081204,93.916,20260809,synthetic
positive_effect,2026-06-03,paid_search,SEA-A,103.16,126,41,12,1207.15,0.3253968253968254,0.2926829268292683,8.596666666666666,11.701725474990308,100.59583333333335,20260809,synthetic
positive_effect,2026-06-03,paid_search,SEA-B,104.80,119,28,7,736.27,0.23529411764705882,0.25,14.971428571428572,7.0254770992366415,105.18142857142857,20260809,synthetic
positive_effect,2026-06-03,paid_social,SOC-A,67.10,97,24,10,853.76,0.24742268041237114,0.4166666666666667,6.709999999999999,12.723695976154994,85.376,20260809,synthetic
positive_effect,2026-06-03,paid_social,SOC-B,74.41,113,26,6,759.92,0.23008849557522124,0.23076923076923078,12.401666666666666,10.212605832549388,126.65333333333332,20260809,synthetic
positive_effect,2026-06-04,affiliate,AFF-A,58.95,72,22,5,548.55,0.3055555555555556,0.22727272727272727,11.790000000000001,9.305343511450381,109.71,20260809,synthetic
positive_effect,2026-06-04,affiliate,AFF-B,79.40,66,18,6,695.65,0.2727272727272727,0.3333333333333333,13.233333333333334,8.761335012594458,115.94166666666666,20260809,synthetic
positive_effect,2026-06-04,display,DSP-A,80.89,65,15,9,1088.88,0.23076923076923078,0.6,8.987777777777778,13.461243664235383,120.98666666666668,20260809,synthetic
positive_effect,2026-06-04,display,DSP-B,60.29,55,18,4,493.17,0.32727272727272727,0.2222222222222222,15.0725,8.179963509703102,123.2925,20260809,synthetic
positive_effect,2026-06-04,paid_search,SEA-A,95.83,117,29,9,915.96,0.24786324786324787,0.3103448275862069,10.647777777777778,9.558175936554315,101.77333333333334,20260809,synthetic
positive_effect,2026-06-04,paid_search,SEA-B,114.37,128,36,14,1309.41,0.28125,0.3888888888888889,8.169285714285715,11.44889394071872,93.52928571428572,20260809,synthetic
positive_effect,2026-06-04,paid_social,SOC-A,73.00,93,30,11,1318.58,0.3225806451612903,0.36666666666666664,6.636363636363637,18.062739726027395,119.87090909090908,20260809,synthetic
positive_effect,2026-06-04,paid_social,SOC-B,84.61,107,34,9,747.40,0.3177570093457944,0.2647058823529412,9.401111111111112,8.833471220895875,83.04444444444444,20260809,synthetic
positive_effect,2026-06-05,affiliate,AFF-A,74.53,63,17,5,431.04,0.2698412698412698,0.29411764705882354,14.906,5.783442908895747,86.208,20260809,synthetic
positive_effect,2026-06-05,affiliate,AFF-B,66.49,84,22,6,711.42,0.2619047619047619,0.2727272727272727,11.081666666666665,10.6996540833208,118.57,20260809,synthetic
positive_effect,2026-06-05,display,DSP-A,55.93,56,14,6,628.27,0.25,0.42857142857142855,9.321666666666667,11.233148578580368,104.71166666666666,20260809,synthetic
positive_effect,2026-06-05,display,DSP-B,78.86,45,18,5,478.60,0.4,0.2777777777777778,15.772,6.068983007862034,95.72,20260809,synthetic
positive_effect,2026-06-05,paid_search,SEA-A,98.71,138,34,9,1058.85,0.2463768115942029,0.2647058823529412,10.967777777777776,10.726876709553236,117.64999999999999,20260809,synthetic
positive_effect,2026-06-05,paid_search,SEA-B,108.24,123,29,10,1086.16,0.23577235772357724,0.3448275862068966,10.824,10.034737620103474,108.61600000000001,20260809,synthetic
positive_effect,2026-06-05,paid_social,SOC-A,81.50,107,27,10,1027.01,0.2523364485981308,0.37037037037037035,8.15,12.601349693251533,102.701,20260809,synthetic
positive_effect,2026-06-05,paid_social,SOC-B,85.79,100,25,7,686.84,0.25,0.28,12.255714285714287,8.006061312507285,98.12,20260809,synthetic
positive_effect,2026-06-06,affiliate,AFF-A,73.66,89,25,5,588.84,0.2808988764044944,0.2,14.732,7.994026608742874,117.768,20260809,synthetic
positive_effect,2026-06-06,affiliate,AFF-B,62.04,74,24,6,745.94,0.32432432432432434,0.25,10.34,12.02353320438427,124.32333333333334,20260809,synthetic
positive_effect,2026-06-06,display,DSP-A,56.95,57,15,1,160.62,0.2631578947368421,0.06666666666666667,56.95,2.8203687445127303,160.62,20260809,synthetic
positive_effect,2026-06-06,display,DSP-B,67.24,49,20,8,781.32,0.40816326530612246,0.4,8.405,11.619869125520525,97.665,20260809,synthetic
positive_effect,2026-06-06,paid_search,SEA-A,120.27,142,41,19,2037.74,0.2887323943661972,0.4634146341463415,6.33,16.943044815831048,107.24947368421053,20260809,synthetic
positive_effect,2026-06-06,paid_search,SEA-B,116.52,128,39,13,1598.76,0.3046875,0.3333333333333333,8.963076923076922,13.720906282183316,122.98153846153846,20260809,synthetic
positive_effect,2026-06-06,paid_social,SOC-A,94.25,99,27,10,970.64,0.2727272727272727,0.37037037037037035,9.425,10.298567639257294,97.064,20260809,synthetic
positive_effect,2026-06-06,paid_social,SOC-B,76.86,115,24,7,735.74,0.20869565217391303,0.2916666666666667,10.98,9.57246942492844,105.10571428571428,20260809,synthetic
positive_effect,2026-06-07,affiliate,AFF-A,82.50,74,17,5,540.53,0.22972972972972974,0.29411764705882354,16.5,6.551878787878787,108.106,20260809,synthetic
positive_effect,2026-06-07,affiliate,AFF-B,79.72,60,25,8,821.52,0.4166666666666667,0.32,9.965,10.30506773707978,102.69,20260809,synthetic
positive_effect,2026-06-07,display,DSP-A,73.82,52,15,6,532.60,0.28846153846153844,0.4,12.303333333333333,7.214846924952588,88.76666666666667,20260809,synthetic
positive_effect,2026-06-07,display,DSP-B,71.35,52,14,3,370.77,0.2692307692307692,0.21428571428571427,23.78333333333333,5.196496145760337,123.58999999999999,20260809,synthetic
positive_effect,2026-06-07,paid_search,SEA-A,123.23,139,40,11,1149.30,0.28776978417266186,0.275,11.202727272727273,9.326462712001947,104.48181818181818,20260809,synthetic
positive_effect,2026-06-07,paid_search,SEA-B,82.31,102,30,11,1198.08,0.29411764705882354,0.36666666666666664,7.482727272727273,14.555704045680962,108.91636363636363,20260809,synthetic
positive_effect,2026-06-07,paid_social,SOC-A,80.25,98,29,13,1300.75,0.29591836734693877,0.4482758620689655,6.173076923076923,16.20872274143302,100.0576923076923,20260809,synthetic
positive_effect,2026-06-07,paid_social,SOC-B,93.21,99,22,6,462.37,0.2222222222222222,0.2727272727272727,15.534999999999998,4.960519257590388,77.06166666666667,20260809,synthetic
positive_effect,2026-06-08,affiliate,AFF-A,75.87,72,14,4,469.04,0.19444444444444445,0.2857142857142857,18.9675,6.182153683933043,117.26,20260809,synthetic
positive_effect,2026-06-08,affiliate,AFF-B,74.12,76,22,6,855.28,0.2894736842105263,0.2727272727272727,12.353333333333333,11.539125742039934,142.54666666666665,20260809,synthetic
positive_effect,2026-06-08,display,DSP-A,67.90,50,13,2,211.75,0.26,0.15384615384615385,33.95,3.1185567010309274,105.875,20260809,synthetic
positive_effect,2026-06-08,display,DSP-B,51.85,53,16,4,541.47,0.3018867924528302,0.25,12.9625,10.44300867888139,135.3675,20260809,synthetic
positive_effect,2026-06-08,paid_search,SEA-A,107.23,127,34,9,888.52,0.2677165354330709,0.2647058823529412,11.914444444444445,8.286113960645341,98.72444444444444,20260809,synthetic
positive_effect,2026-06-08,paid_search,SEA-B,103.71,120,35,15,1727.40,0.2916666666666667,0.42857142857142855,6.914,16.65606016777553,115.16000000000001,20260809,synthetic
positive_effect,2026-06-08,paid_social,SOC-A,74.52,109,28,13,1581.12,0.25688073394495414,0.4642857142857143,5.732307692307692,21.217391304347824,121.62461538461538,20260809,synthetic
positive_effect,2026-06-08,paid_social,SOC-B,75.75,114,27,11,1072.05,0.23684210526315788,0.4074074074074074,6.886363636363637,14.152475247524752,97.4590909090909,20260809,synthetic
positive_effect,2026-06-09,affiliate,AFF-A,82.55,85,20,5,439.60,0.23529411764705882,0.25,16.509999999999998,5.3252574197456095,87.92,20260809,synthetic
positive_effect,2026-06-09,affiliate,AFF-B,75.79,73,18,10,1171.93,0.2465753424657534,0.5555555555555556,7.579000000000001,15.46285789682016,117.19300000000001,20260809,synthetic
positive_effect,2026-06-09,display,DSP-A,74.56,55,19,2,148.54,0.34545454545454546,0.10526315789473684,37.28,1.9922210300429184,74.27,20260809,synthetic
positive_effect,2026-06-09,display,DSP-B,50.85,53,9,3,428.53,0.16981132075471697,0.3333333333333333,16.95,8.42733529990167,142.84333333333333,20260809,synthetic
positive_effect,2026-06-09,paid_search,SEA-A,112.91,124,33,9,1180.75,0.2661290322580645,0.2727272727272727,12.545555555555556,10.457443981932514,131.19444444444446,20260809,synthetic
positive_effect,2026-06-09,paid_search,SEA-B,101.06,126,32,9,741.59,0.25396825396825395,0.28125,11.22888888888889,7.3381159707104695,82.39888888888889,20260809,synthetic
positive_effect,2026-06-09,paid_social,SOC-A,77.08,123,30,14,1544.90,0.24390243902439024,0.4666666666666667,5.505714285714285,20.042812662169176,110.35000000000001,20260809,synthetic
positive_effect,2026-06-09,paid_social,SOC-B,99.23,109,31,15,1621.01,0.28440366972477066,0.4838709677419355,6.615333333333334,16.33588632470019,108.06733333333334,20260809,synthetic
positive_effect,2026-06-10,affiliate,AFF-A,62.96,65,15,5,512.36,0.23076923076923078,0.3333333333333333,12.592,8.137865311308767,102.47200000000001,20260809,synthetic
positive_effect,2026-06-10,affiliate,AFF-B,54.76,65,14,5,617.38,0.2153846153846154,0.35714285714285715,10.952,11.274287801314829,123.476,20260809,synthetic
positive_effect,2026-06-10,display,DSP-A,63.78,64,18,5,544.31,0.28125,0.2777777777777778,12.756,8.53417999372844,108.862,20260809,synthetic
positive_effect,2026-06-10,display,DSP-B,60.33,49,19,4,400.21,0.3877551020408163,0.21052631578947367,15.0825,6.6336814188629205,100.0525,20260809,synthetic
positive_effect,2026-06-10,paid_search,SEA-A,121.80,116,40,11,1225.68,0.3448275862068966,0.275,11.072727272727272,10.063054187192119,111.42545454545456,20260809,synthetic
positive_effect,2026-06-10,paid_search,SEA-B,88.89,134,30,8,846.71,0.22388059701492538,0.26666666666666666,11.11125,9.52536843289459,105.83875,20260809,synthetic
positive_effect,2026-06-10,paid_social,SOC-A,104.62,110,32,10,1119.32,0.2909090909090909,0.3125,10.462,10.698910342190784,111.93199999999999,20260809,synthetic
positive_effect,2026-06-10,paid_social,SOC-B,83.97,73,18,8,865.59,0.2465753424657534,0.4444444444444444,10.49625,10.30832440157199,108.19875,20260809,synthetic
positive_effect,2026-06-11,affiliate,AFF-A,70.70,72,18,11,1378.58,0.25,0.6111111111111112,6.427272727272728,19.499009900990096,125.32545454545453,20260809,synthetic
positive_effect,2026-06-11,affiliate,AFF-B,77.98,74,14,4,322.62,0.1891891891891892,0.2857142857142857,19.495,4.137214670428315,80.655,20260809,synthetic
positive_effect,2026-06-11,display,DSP-A,54.38,45,8,6,700.85,0.17777777777777778,0.75,9.063333333333334,12.88801029790364,116.80833333333334,20260809,synthetic
positive_effect,2026-06-11,display,DSP-B,76.74,56,14,6,647.80,0.25,0.42857142857142855,12.79,8.441490747980193,107.96666666666665,20260809,synthetic
positive_effect,2026-06-11,paid_search,SEA-A,91.24,139,37,8,910.35,0.26618705035971224,0.21621621621621623,11.405,9.97753178430513,113.79375,20260809,synthetic
positive_effect,2026-06-11,paid_search,SEA-B,78.57,120,25,9,999.10,0.20833333333333334,0.36,8.729999999999999,12.71604938271605,111.01111111111112,20260809,synthetic
positive_effect,2026-06-11,paid_social,SOC-A,95.77,108,25,6,648.02,0.23148148148148148,0.24,15.961666666666666,6.766419546830949,108.00333333333333,20260809,synthetic
positive_effect,2026-06-11,paid_social,SOC-B,84.78,88,21,10,1147.04,0.23863636363636365,0.47619047619047616,8.478,13.529606039160178,114.704,20260809,synthetic
positive_effect,2026-06-12,affiliate,AFF-A,53.35,60,12,1,89.40,0.2,0.08333333333333333,53.35,1.67572633552015,89.4,20260809,synthetic
positive_effect,2026-06-12,affiliate,AFF-B,74.03,75,16,7,754.09,0.21333333333333335,0.4375,10.575714285714286,10.186275834121302,107.72714285714287,20260809,synthetic
positive_effect,2026-06-12,display,DSP-A,65.81,52,14,4,344.47,0.2692307692307692,0.2857142857142857,16.4525,5.23431089500076,86.1175,20260809,synthetic
positive_effect,2026-06-12,display,DSP-B,50.53,44,13,4,375.36,0.29545454545454547,0.3076923076923077,12.6325,7.42845834157926,93.84,20260809,synthetic
positive_effect,2026-06-12,paid_search,SEA-A,107.55,130,32,10,853.44,0.24615384615384617,0.3125,10.754999999999999,7.935285913528592,85.34400000000001,20260809,synthetic
positive_effect,2026-06-12,paid_search,SEA-B,95.12,136,37,14,1571.66,0.27205882352941174,0.3783783783783784,6.7942857142857145,16.52291841883936,112.26142857142858,20260809,synthetic
positive_effect,2026-06-12,paid_social,SOC-A,79.30,120,30,5,463.62,0.25,0.16666666666666666,15.86,5.84640605296343,92.724,20260809,synthetic
positive_effect,2026-06-12,paid_social,SOC-B,73.43,111,26,5,490.08,0.23423423423423423,0.19230769230769232,14.686000000000002,6.674111398610921,98.01599999999999,20260809,synthetic
positive_effect,2026-06-13,affiliate,AFF-A,81.82,73,18,9,886.06,0.2465753424657534,0.5,9.091111111111111,10.82938156929846,98.4511111111111,20260809,synthetic
positive_effect,2026-06-13,affiliate,AFF-B,74.26,59,16,5,569.89,0.2711864406779661,0.3125,14.852,7.674252625908967,113.978,20260809,synthetic
positive_effect,2026-06-13,display,DSP-A,80.17,61,21,7,577.33,0.3442622950819672,0.3333333333333333,11.452857142857143,7.2013221903455165,82.47571428571429,20260809,synthetic
positive_effect,2026-06-13,display,DSP-B,78.09,48,12,2,249.04,0.25,0.16666666666666666,39.045,3.189140735049302,124.52,20260809,synthetic
positive_effect,2026-06-13,paid_search,SEA-A,108.78,127,32,13,1289.23,0.25196850393700787,0.40625,8.367692307692307,11.85171906600478,99.17153846153846,20260809,synthetic
positive_effect,2026-06-13,paid_search,SEA-B,95.13,118,28,12,1569.99,0.23728813559322035,0.42857142857142855,7.927499999999999,16.5036266162094,130.8325,20260809,synthetic
positive_effect,2026-06-13,paid_social,SOC-A,83.37,102,22,7,686.43,0.21568627450980393,0.3181818181818182,11.91,8.23353724361281,98.06142857142856,20260809,synthetic
positive_effect,2026-06-13,paid_social,SOC-B,95.12,111,32,11,1321.81,0.2882882882882883,0.34375,8.647272727272728,13.896236333052984,120.16454545454545,20260809,synthetic
positive_effect,2026-06-14,affiliate,AFF-A,74.23,77,15,6,693.61,0.19480519480519481,0.4,12.371666666666668,9.344065741613903,115.60166666666667,20260809,synthetic
positive_effect,2026-06-14,affiliate,AFF-B,77.55,77,21,8,690.79,0.2727272727272727,0.38095238095238093,9.69375,8.907672469374598,86.34875,20260809,synthetic
positive_effect,2026-06-14,display,DSP-A,76.20,58,14,6,684.50,0.2413793103448276,0.42857142857142855,12.700000000000001,8.982939632545932,114.08333333333333,20260809,synthetic
positive_effect,2026-06-14,display,DSP-B,52.39,56,15,2,98.09,0.26785714285714285,0.13333333333333333,26.195,1.8723038747852645,49.045,20260809,synthetic
positive_effect,2026-06-14,paid_search,SEA-A,111.65,116,34,10,1261.28,0.29310344827586204,0.29411764705882354,11.165000000000001,11.296730855351544,126.128,20260809,synthetic
positive_effect,2026-06-14,paid_search,SEA-B,105.04,132,43,15,1726.66,0.32575757575757575,0.3488372093023256,7.002666666666667,16.43811881188119,115.11066666666667,20260809,synthetic
positive_effect,2026-06-14,paid_social,SOC-A,89.84,138,43,16,1660.73,0.3115942028985507,0.37209302325581395,5.615,18.485418521816563,103.795625,20260809,synthetic
positive_effect,2026-06-14,paid_social,SOC-B,81.84,107,23,6,641.99,0.21495327102803738,0.2608695652173913,13.64,7.844452590420332,106.99833333333333,20260809,synthetic
positive_effect,2026-06-15,affiliate,AFF-A,69.06,77,19,3,407.46,0.24675324675324675,0.15789473684210525,23.02,5.900086880973066,135.82,20260809,synthetic
positive_effect,2026-06-15,affiliate,AFF-B,85.37,79,22,8,710.76,0.27848101265822783,0.36363636363636365,10.67125,8.325641325992738,88.845,20260809,synthetic
positive_effect,2026-06-15,display,DSP-A,75.78,45,8,2,260.96,0.17777777777777778,0.25,37.89,3.443652678807073,130.48,20260809,synthetic
positive_effect,2026-06-15,display,DSP-B,76.12,59,18,5,632.08,0.3050847457627119,0.2777777777777778,15.224,8.303730951129795,126.41600000000001,20260809,synthetic
positive_effect,2026-06-15,paid_search,SEA-A,103.89,122,26,10,1023.31,0.21311475409836064,0.38461538461538464,10.389,9.849937433824236,102.33099999999999,20260809,synthetic
positive_effect,2026-06-15,paid_search,SEA-B,97.25,140,35,17,2123.28,0.25,0.4857142857142857,5.720588235294118,21.833213367609257,124.89882352941177,20260809,synthetic
positive_effect,2026-06-15,paid_social,SOC-A,86.61,102,27,7,720.04,0.2647058823529412,0.25925925925925924,12.372857142857143,8.313589654774274,102.86285714285714,20260809,synthetic
positive_effect,2026-06-15,paid_social,SOC-B,101.68,116,34,11,1171.00,0.29310344827586204,0.3235294117647059,9.243636363636364,11.516522423288748,106.45454545454545,20260809,synthetic
positive_effect,2026-06-16,affiliate,AFF-A,67.37,83,27,5,503.05,0.3253012048192771,0.18518518518518517,13.474,7.466973430310227,100.61,20260809,synthetic
positive_effect,2026-06-16,affiliate,AFF-B,77.26,77,22,9,1003.14,0.2857142857142857,0.4090909090909091,8.584444444444445,12.98395029769609,111.46,20260809,synthetic
positive_effect,2026-06-16,display,DSP-A,56.87,43,9,3,373.68,0.20930232558139536,0.3333333333333333,18.956666666666667,6.570775452787059,124.56,20260809,synthetic
positive_effect,2026-06-16,display,DSP-B,72.72,51,14,2,153.13,0.27450980392156865,0.14285714285714285,36.36,2.105748074807481,76.565,20260809,synthetic
positive_effect,2026-06-16,paid_search,SEA-A,98.72,137,30,9,927.91,0.21897810218978103,0.3,10.96888888888889,9.39941247974068,103.10111111111111,20260809,synthetic
positive_effect,2026-06-16,paid_search,SEA-B,93.91,128,27,12,1396.34,0.2109375,0.4444444444444444,7.825833333333333,14.868917048237675,116.36166666666666,20260809,synthetic
positive_effect,2026-06-16,paid_social,SOC-A,100.79,109,29,8,674.65,0.26605504587155965,0.27586206896551724,12.59875,6.693620398849092,84.33125,20260809,synthetic
positive_effect,2026-06-16,paid_social,SOC-B,80.02,109,30,11,1372.27,0.27522935779816515,0.36666666666666664,7.274545454545454,17.149087728067983,124.75181818181818,20260809,synthetic
positive_effect,2026-06-17,affiliate,AFF-A,53.27,54,12,4,373.86,0.2222222222222222,0.3333333333333333,13.3175,7.018209123333959,93.465,20260809,synthetic
positive_effect,2026-06-17,affiliate,AFF-B,65.96,65,18,5,457.90,0.27692307692307694,0.2777777777777778,13.191999999999998,6.942086112795634,91.58,20260809,synthetic
positive_effect,2026-06-17,display,DSP-A,52.58,56,15,6,450.88,0.26785714285714285,0.4,8.763333333333334,8.575123621148727,75.14666666666666,20260809,synthetic
positive_effect,2026-06-17,display,DSP-B,77.00,63,22,10,752.33,0.3492063492063492,0.45454545454545453,7.7,9.77051948051948,75.233,20260809,synthetic
positive_effect,2026-06-17,paid_search,SEA-A,111.77,119,37,12,1227.73,0.31092436974789917,0.32432432432432434,9.314166666666667,10.984432316363963,102.31083333333333,20260809,synthetic
positive_effect,2026-06-17,paid_search,SEA-B,90.59,139,31,9,720.56,0.22302158273381295,0.2903225806451613,10.065555555555555,7.954078816646428,80.06222222222222,20260809,synthetic
positive_effect,2026-06-17,paid_social,SOC-A,93.84,100,27,8,731.44,0.27,0.2962962962962963,11.73,7.79454390451833,91.43,20260809,synthetic
positive_effect,2026-06-17,paid_social,SOC-B,82.43,127,30,8,934.46,0.23622047244094488,0.26666666666666666,10.30375,11.336406648065024,116.8075,20260809,synthetic
positive_effect,2026-06-18,affiliate,AFF-A,84.66,67,18,7,464.89,0.26865671641791045,0.3888888888888889,12.094285714285714,5.491259154264116,66.41285714285713,20260809,synthetic
positive_effect,2026-06-18,affiliate,AFF-B,53.81,85,14,4,500.14,0.16470588235294117,0.2857142857142857,13.4525,9.294554915443225,125.035,20260809,synthetic
positive_effect,2026-06-18,display,DSP-A,79.54,52,16,7,832.33,0.3076923076923077,0.4375,11.362857142857143,10.464294694493336,118.90428571428572,20260809,synthetic
positive_effect,2026-06-18,display,DSP-B,77.75,58,13,4,508.44,0.22413793103448276,0.3076923076923077,19.4375,6.539421221864952,127.11,20260809,synthetic
positive_effect,2026-06-18,paid_search,SEA-A,88.91,122,31,9,860.81,0.2540983606557377,0.2903225806451613,9.878888888888888,9.681813069396018,95.64555555555555,20260809,synthetic
positive_effect,2026-06-18,paid_search,SEA-B,100.81,126,34,10,1165.94,0.2698412698412698,0.29411764705882354,10.081,11.565717686737427,116.59400000000001,20260809,synthetic
positive_effect,2026-06-18,paid_social,SOC-A,89.82,117,30,10,1069.13,0.2564102564102564,0.3333333333333333,8.982,11.903028278779784,106.91300000000001,20260809,synthetic
positive_effect,2026-06-18,paid_social,SOC-B,78.65,110,29,9,843.16,0.2636363636363636,0.3103448275862069,8.738888888888889,10.72040686586141,93.68444444444444,20260809,synthetic
positive_effect,2026-06-19,affiliate,AFF-A,80.21,72,24,9,1092.72,0.3333333333333333,0.375,8.912222222222221,13.62323899763122,121.41333333333334,20260809,synthetic
positive_effect,2026-06-19,affiliate,AFF-B,65.47,67,17,5,580.39,0.2537313432835821,0.29411764705882354,13.094,8.864976325034366,116.078,20260809,synthetic
positive_effect,2026-06-19,display,DSP-A,74.94,58,12,3,426.04,0.20689655172413793,0.25,24.98,5.685081398452096,142.01333333333335,20260809,synthetic
positive_effect,2026-06-19,display,DSP-B,65.61,48,16,6,671.50,0.3333333333333333,0.375,10.935,10.234720317024843,111.91666666666667,20260809,synthetic
positive_effect,2026-06-19,paid_search,SEA-A,102.78,121,29,13,1332.58,0.2396694214876033,0.4482758620689655,7.906153846153846,12.965362911072193,102.50615384615384,20260809,synthetic
positive_effect,2026-06-19,paid_search,SEA-B,97.86,134,36,11,1270.52,0.26865671641791045,0.3055555555555556,8.896363636363636,12.983036991620683,115.50181818181818,20260809,synthetic
positive_effect,2026-06-19,paid_social,SOC-A,69.87,98,24,6,680.85,0.24489795918367346,0.25,11.645000000000001,9.744525547445255,113.47500000000001,20260809,synthetic
positive_effect,2026-06-19,paid_social,SOC-B,95.68,103,27,6,546.90,0.2621359223300971,0.2222222222222222,15.946666666666667,5.715928093645484,91.14999999999999,20260809,synthetic
positive_effect,2026-06-20,affiliate,AFF-A,80.69,72,24,6,561.96,0.3333333333333333,0.25,13.448333333333332,6.9644317759325824,93.66000000000001,20260809,synthetic
positive_effect,2026-06-20,affiliate,AFF-B,75.53,75,18,9,1015.51,0.24,0.5,8.392222222222223,13.445121143916325,112.83444444444444,20260809,synthetic
positive_effect,2026-06-20,display,DSP-A,62.17,45,14,4,426.58,0.3111111111111111,0.2857142857142857,15.5425,6.86150876628599,106.645,20260809,synthetic
positive_effect,2026-06-20,display,DSP-B,62.45,60,15,3,288.08,0.25,0.2,20.816666666666666,4.612970376301041,96.02666666666666,20260809,synthetic
positive_effect,2026-06-20,paid_search,SEA-A,107.40,129,29,13,1439.34,0.2248062015503876,0.4482758620689655,8.261538461538462,13.40167597765363,110.71846153846153,20260809,synthetic
positive_effect,2026-06-20,paid_search,SEA-B,93.69,141,39,15,1574.56,0.2765957446808511,0.38461538461538464,6.2459999999999996,16.806062546696552,104.97066666666666,20260809,synthetic
positive_effect,2026-06-20,paid_social,SOC-A,81.30,97,25,11,1171.44,0.25773195876288657,0.44,7.390909090909091,14.408856088560887,106.49454545454546,20260809,synthetic
positive_effect,2026-06-20,paid_social,SOC-B,67.32,83,18,4,623.70,0.21686746987951808,0.2222222222222222,16.83,9.264705882352942,155.925,20260809,synthetic
positive_effect,2026-06-21,affiliate,AFF-A,69.75,83,24,13,1425.91,0.2891566265060241,0.5416666666666666,5.365384615384615,20.4431541218638,109.68538461538462,20260809,synthetic
positive_effect,2026-06-21,affiliate,AFF-B,74.36,72,21,7,683.88,0.2916666666666667,0.3333333333333333,10.622857142857143,9.19688004303389,97.69714285714285,20260809,synthetic
positive_effect,2026-06-21,display,DSP-A,78.76,55,17,5,518.65,0.3090909090909091,0.29411764705882354,15.752,6.585195530726256,103.72999999999999,20260809,synthetic
positive_effect,2026-06-21,display,DSP-B,65.10,62,18,1,150.94,0.2903225806451613,0.05555555555555555,65.1,2.318586789554532,150.94,20260809,synthetic
positive_effect,2026-06-21,paid_search,SEA-A,103.69,116,36,13,1603.50,0.3103448275862069,0.3611111111111111,7.976153846153846,15.464364933937699,123.34615384615384,20260809,synthetic
positive_effect,2026-06-21,paid_search,SEA-B,81.17,105,23,9,906.33,0.21904761904761905,0.391304347826087,9.018888888888888,11.165824812122706,100.70333333333333,20260809,synthetic
positive_effect,2026-06-21,paid_social,SOC-A,77.95,120,34,9,777.35,0.2833333333333333,0.2647058823529412,8.661111111111111,9.972418216805645,86.37222222222222,20260809,synthetic
positive_effect,2026-06-21,paid_social,SOC-B,81.69,103,21,6,520.83,0.20388349514563106,0.2857142857142857,13.615,6.3756885787734126,86.805,20260809,synthetic
positive_effect,2026-06-22,affiliate,AFF-A,58.50,62,20,7,721.77,0.3225806451612903,0.35,8.357142857142858,12.337948717948718,103.11,20260809,synthetic
positive_effect,2026-06-22,affiliate,AFF-B,76.74,62,16,8,872.50,0.25806451612903225,0.5,9.5925,11.369559551733126,109.0625,20260809,synthetic
positive_effect,2026-06-22,display,DSP-A,53.47,59,16,4,462.83,0.2711864406779661,0.25,13.3675,8.655881802880119,115.7075,20260809,synthetic
positive_effect,2026-06-22,display,DSP-B,48.66,39,12,5,471.24,0.3076923076923077,0.4166666666666667,9.732,9.684340320591863,94.248,20260809,synthetic
positive_effect,2026-06-22,paid_search,SEA-A,97.50,136,32,8,1022.82,0.23529411764705882,0.25,12.1875,10.490461538461538,127.8525,20260809,synthetic
positive_effect,2026-06-22,paid_search,SEA-B,96.71,144,31,17,2189.83,0.2152777777777778,0.5483870967741935,5.688823529411764,22.643263364698583,128.8135294117647,20260809,synthetic
positive_effect,2026-06-22,paid_social,SOC-A,78.16,104,31,9,851.06,0.2980769230769231,0.2903225806451613,8.684444444444445,10.888689866939611,94.56222222222222,20260809,synthetic
positive_effect,2026-06-22,paid_social,SOC-B,96.61,107,28,12,1101.28,0.2616822429906542,0.42857142857142855,8.050833333333333,11.399234033743918,91.77333333333333,20260809,synthetic
positive_effect,2026-06-23,affiliate,AFF-A,81.54,77,15,7,598.92,0.19480519480519481,0.4666666666666667,11.64857142857143,7.345106696100072,85.55999999999999,20260809,synthetic
positive_effect,2026-06-23,affiliate,AFF-B,78.44,85,23,9,852.15,0.27058823529411763,0.391304347826087,8.715555555555556,10.863717491075981,94.68333333333334,20260809,synthetic
positive_effect,2026-06-23,display,DSP-A,65.30,49,9,0,0.00,0.1836734693877551,0.0,,0.0,,20260809,synthetic
positive_effect,2026-06-23,display,DSP-B,63.57,50,8,3,373.91,0.16,0.375,21.19,5.8818625137643545,124.63666666666667,20260809,synthetic
positive_effect,2026-06-23,paid_search,SEA-A,104.31,129,27,14,1422.44,0.20930232558139536,0.5185185185185185,7.450714285714286,13.636659955900681,101.60285714285715,20260809,synthetic
positive_effect,2026-06-23,paid_search,SEA-B,109.77,134,31,12,1517.04,0.23134328358208955,0.3870967741935484,9.147499999999999,13.820169445203607,126.42,20260809,synthetic
positive_effect,2026-06-23,paid_social,SOC-A,78.21,116,28,10,1093.83,0.2413793103448276,0.35714285714285715,7.821,13.985807441503644,109.383,20260809,synthetic
positive_effect,2026-06-23,paid_social,SOC-B,69.01,98,25,10,1112.52,0.25510204081632654,0.4,6.901000000000001,16.121141863498043,111.252,20260809,synthetic
positive_effect,2026-06-24,affiliate,AFF-A,61.15,73,16,6,603.09,0.2191780821917808,0.375,10.191666666666666,9.862469337694195,100.515,20260809,synthetic
positive_effect,2026-06-24,affiliate,AFF-B,77.97,63,21,6,724.77,0.3333333333333333,0.2857142857142857,12.995,9.295498268564833,120.795,20260809,synthetic
positive_effect,2026-06-24,display,DSP-A,56.06,52,15,4,563.43,0.28846153846153844,0.26666666666666666,14.015,10.050481626828397,140.8575,20260809,synthetic
positive_effect,2026-06-24,display,DSP-B,65.77,44,7,3,376.15,0.1590909090909091,0.42857142857142855,21.923333333333332,5.719172875171051,125.38333333333333,20260809,synthetic
positive_effect,2026-06-24,paid_search,SEA-A,103.14,123,30,9,959.13,0.24390243902439024,0.3,11.46,9.299301919720767,106.57,20260809,synthetic
positive_effect,2026-06-24,paid_search,SEA-B,86.55,123,33,9,875.23,0.2682926829268293,0.2727272727272727,9.616666666666667,10.112420566146737,97.24777777777778,20260809,synthetic
positive_effect,2026-06-24,paid_social,SOC-A,79.16,104,33,11,1285.82,0.3173076923076923,0.3333333333333333,7.196363636363636,16.243304699343103,116.89272727272727,20260809,synthetic
positive_effect,2026-06-24,paid_social,SOC-B,98.67,114,27,9,972.17,0.23684210526315788,0.3333333333333333,10.963333333333333,9.852741461437112,108.01888888888888,20260809,synthetic
positive_effect,2026-06-25,affiliate,AFF-A,74.31,65,13,4,303.69,0.2,0.3076923076923077,18.5775,4.0867985466289865,75.9225,20260809,synthetic
positive_effect,2026-06-25,affiliate,AFF-B,58.87,58,13,6,715.29,0.22413793103448276,0.46153846153846156,9.811666666666666,12.150331238321726,119.21499999999999,20260809,synthetic
positive_effect,2026-06-25,display,DSP-A,57.33,60,25,8,949.33,0.4166666666666667,0.32,7.16625,16.559044130472703,118.66625,20260809,synthetic
positive_effect,2026-06-25,display,DSP-B,53.48,57,17,10,1174.04,0.2982456140350877,0.5882352941176471,5.348,21.952879581151834,117.404,20260809,synthetic
positive_effect,2026-06-25,paid_search,SEA-A,95.17,130,34,12,1387.88,0.26153846153846155,0.35294117647058826,7.930833333333333,14.583166964379533,115.65666666666668,20260809,synthetic
positive_effect,2026-06-25,paid_search,SEA-B,107.03,120,29,10,1022.19,0.24166666666666667,0.3448275862068966,10.703,9.550499859852378,102.21900000000001,20260809,synthetic
positive_effect,2026-06-25,paid_social,SOC-A,82.17,117,37,15,1513.81,0.3162393162393162,0.40540540540540543,5.478,18.422903736156748,100.92066666666666,20260809,synthetic
positive_effect,2026-06-25,paid_social,SOC-B,96.27,113,25,7,858.95,0.22123893805309736,0.28,13.752857142857142,8.922301859353901,122.70714285714287,20260809,synthetic
positive_effect,2026-06-26,affiliate,AFF-A,61.92,64,21,2,185.22,0.328125,0.09523809523809523,30.96,2.9912790697674416,92.61,20260809,synthetic
positive_effect,2026-06-26,affiliate,AFF-B,78.87,67,9,3,387.10,0.13432835820895522,0.3333333333333333,26.290000000000003,4.908076581716749,129.03333333333333,20260809,synthetic
positive_effect,2026-06-26,display,DSP-A,78.54,45,14,4,439.72,0.3111111111111111,0.2857142857142857,19.635,5.598675833969952,109.93,20260809,synthetic
positive_effect,2026-06-26,display,DSP-B,51.55,46,16,6,726.71,0.34782608695652173,0.375,8.591666666666667,14.097187196896218,121.11833333333334,20260809,synthetic
positive_effect,2026-06-26,paid_search,SEA-A,91.16,111,26,10,968.04,0.23423423423423423,0.38461538461538464,9.116,10.619131197893813,96.804,20260809,synthetic
positive_effect,2026-06-26,paid_search,SEA-B,96.49,146,39,8,824.72,0.2671232876712329,0.20512820512820512,12.06125,8.547206964452275,103.09,20260809,synthetic
positive_effect,2026-06-26,paid_social,SOC-A,82.86,96,23,9,1297.22,0.23958333333333334,0.391304347826087,9.206666666666667,15.65556360125513,144.13555555555556,20260809,synthetic
positive_effect,2026-06-26,paid_social,SOC-B,92.19,118,34,9,1039.77,0.288135593220339,0.2647058823529412,10.243333333333332,11.27855515782623,115.53,20260809,synthetic
positive_effect,2026-06-27,affiliate,AFF-A,87.66,91,22,10,1261.45,0.24175824175824176,0.45454545454545453,8.766,14.390257814282457,126.14500000000001,20260809,synthetic
positive_effect,2026-06-27,affiliate,AFF-B,82.39,81,14,4,288.14,0.1728395061728395,0.2857142857142857,20.5975,3.4972690860541324,72.035,20260809,synthetic
positive_effect,2026-06-27,display,DSP-A,45.92,62,4,0,0.00,0.06451612903225806,0.0,,0.0,,20260809,synthetic
positive_effect,2026-06-27,display,DSP-B,56.69,51,11,4,459.57,0.21568627450980393,0.36363636363636365,14.1725,8.10672076203916,114.8925,20260809,synthetic
positive_effect,2026-06-27,paid_search,SEA-A,81.17,114,22,8,830.90,0.19298245614035087,0.36363636363636365,10.14625,10.236540593815448,103.8625,20260809,synthetic
positive_effect,2026-06-27,paid_search,SEA-B,84.58,127,29,7,715.51,0.2283464566929134,0.2413793103448276,12.082857142857142,8.45956490896193,102.21571428571428,20260809,synthetic
positive_effect,2026-06-27,paid_social,SOC-A,90.20,100,25,6,570.04,0.25,0.24,15.033333333333333,6.319733924611973,95.00666666666666,20260809,synthetic
positive_effect,2026-06-27,paid_social,SOC-B,95.50,104,24,10,970.98,0.23076923076923078,0.4166666666666667,9.55,10.167329842931938,97.098,20260809,synthetic
positive_effect,2026-06-28,affiliate,AFF-A,83.00,65,18,3,268.19,0.27692307692307694,0.16666666666666666,27.666666666666668,3.2312048192771083,89.39666666666666,20260809,synthetic
positive_effect,2026-06-28,affiliate,AFF-B,83.85,60,17,4,474.20,0.2833333333333333,0.23529411764705882,20.9625,5.655336911150865,118.55,20260809,synthetic
positive_effect,2026-06-28,display,DSP-A,58.91,58,17,5,691.40,0.29310344827586204,0.29411764705882354,11.782,11.736547275505007,138.28,20260809,synthetic
positive_effect,2026-06-28,display,DSP-B,60.07,48,14,6,781.07,0.2916666666666667,0.42857142857142855,10.011666666666667,13.002663559180956,130.17833333333334,20260809,synthetic
positive_effect,2026-06-28,paid_search,SEA-A,85.09,127,33,13,1270.23,0.25984251968503935,0.3939393939393939,6.545384615384616,14.928076154659772,97.71000000000001,20260809,synthetic
positive_effect,2026-06-28,paid_search,SEA-B,89.55,107,22,8,792.18,0.205607476635514,0.36363636363636365,11.19375,8.846231155778895,99.0225,20260809,synthetic
positive_effect,2026-06-28,paid_social,SOC-A,74.74,99,28,11,1228.32,0.2828282828282828,0.39285714285714285,6.794545454545454,16.434573187048436,111.66545454545454,20260809,synthetic
positive_effect,2026-06-28,paid_social,SOC-B,94.09,104,31,15,1595.10,0.2980769230769231,0.4838709677419355,6.272666666666667,16.952917419491975,106.33999999999999,20260809,synthetic
